"0","#calculating the covariance matrix"
"0","covariance_matrix <- cov(normalize(dataset1))"
"0","covariance_matrix"
"1","    "
"1","            V1"
"1","            V2"
"1","            V3"
"1","            V4"
"1","            V5"
"1","            V6"
"1","
V1  "
"1","  2.501778e-03"
"1"," -1.160000e-03"
"1","  2.018566e-03"
"1"," -8.232323e-05"
"1","  2.850505e-04"
"1"," -6.047475e-04"
"1","
V2  "
"1"," -1.160000e-03"
"1","  3.454545e-03"
"1"," -1.240606e-03"
"1","  1.617172e-03"
"1"," -9.191919e-05"
"1","  4.252525e-04"
"1","
V3  "
"1","  2.018566e-03"
"1"," -1.240606e-03"
"1","  1.723424e-03"
"1"," -2.679293e-04"
"1","  2.602020e-04"
"1"," -8.488384e-04"
"1","
"
"1","    "
"1","            V7"
"1","            V8"
"1","            V9"
"1","           V10"
"1","           V11"
"1","           V12"
"1","
V1  "
"1","  1.038667e-03"
"1","  1.257697e-03"
"1"," -2.934747e-04"
"1"," -3.396707e-03"
"1","  1.948687e-04"
"1","  1.098929e-03"
"1","
V2  "
"1"," -1.587071e-03"
"1"," -6.593939e-04"
"1","  2.108687e-03"
"1","  2.450505e-04"
"1"," -1.149495e-04"
"1"," -3.402626e-03"
"1","
V3  "
"1","  1.126909e-03"
"1","  1.322283e-03"
"1"," -4.265354e-04"
"1"," -2.353909e-03"
"1"," -2.909495e-04"
"1","  1.323707e-03"
"1","
"
"1","    "
"1","           V13"
"1","           V14"
"1","           V15"
"1","           V16"
"1","           V17"
"1","           V18"
"1","
V1  "
"1","  2.114465e-03"
"1"," -1.003919e-03"
"1","  1.596424e-03"
"1","  1.769010e-03"
"1","  8.006263e-04"
"1","  1.998222e-03"
"1","
V2  "
"1"," -2.246263e-03"
"1"," -1.496768e-03"
"1","  1.828889e-03"
"1"," -3.839192e-03"
"1","  1.086061e-03"
"1"," -3.137374e-04"
"1","
V3  "
"1","  1.638040e-03"
"1"," -2.625657e-04"
"1","  1.099222e-03"
"1","  1.787030e-03"
"1","  3.967778e-04"
"1","  1.753657e-03"
"1","
"
"1","    "
"1","           V19"
"1","           V20"
"1","           V21"
"1","           V22"
"1","           V23"
"1","           V24"
"1","
V1  "
"1"," -2.202020e-06"
"1"," -1.412323e-04"
"1"," -2.461232e-03"
"1"," -1.154990e-03"
"1"," -1.558162e-03"
"1","  4.965859e-04"
"1","
V2  "
"1","  2.935556e-03"
"1","  1.493737e-03"
"1","  2.980606e-03"
"1","  2.481414e-03"
"1","  1.063838e-03"
"1"," -7.230303e-04"
"1","
V3  "
"1"," -4.682727e-04"
"1"," -2.857677e-04"
"1"," -2.281626e-03"
"1"," -1.110323e-03"
"1"," -9.932222e-04"
"1","  3.341515e-04"
"1","
"
"1","    "
"1","           V25"
"1","           V26"
"1","           V27"
"1","           V28"
"1","           V29"
"1","           V30"
"1","
V1  "
"1"," -1.855313e-03"
"1","  2.842040e-03"
"1","  1.144343e-03"
"1"," -1.601192e-03"
"1"," -5.822828e-04"
"1","  4.865859e-04"
"1","
V2  "
"1","  2.723636e-03"
"1"," -3.185657e-03"
"1","  1.420202e-03"
"1","  1.232323e-05"
"1","  1.237778e-03"
"1"," -2.505051e-05"
"1","
V3  "
"1"," -1.727152e-03"
"1","  2.576576e-03"
"1","  7.156061e-04"
"1"," -1.238475e-03"
"1"," -8.815455e-04"
"1","  1.867273e-04"
"1","
"
"1","    "
"1","           V31"
"1","           V32"
"1","           V33"
"1","           V34"
"1","           V35"
"1","           V36"
"1","
V1  "
"1"," -1.531737e-03"
"1","  4.277172e-04"
"1"," -1.585859e-05"
"1"," -1.099313e-03"
"1"," -3.716566e-04"
"1","  3.323232e-04"
"1","
V2  "
"1","  1.816970e-03"
"1"," -3.309091e-04"
"1"," -6.878788e-04"
"1","  9.068687e-04"
"1"," -1.537778e-03"
"1","  4.676768e-04"
"1","
V3  "
"1"," -1.665364e-03"
"1","  6.406263e-04"
"1","  1.052020e-04"
"1"," -1.084505e-03"
"1","  2.000303e-04"
"1","  1.313131e-04"
"1","
"
"1","    "
"1","           V37"
"1","           V38"
"1","           V39"
"1","           V40"
"1","           V41"
"1","           V42"
"1","
V1  "
"1","  1.588667e-03"
"1","  9.401010e-04"
"1","  1.527010e-03"
"1","  5.008283e-04"
"1","  5.381212e-04"
"1"," -1.318485e-03"
"1","
V2  "
"1"," -4.496970e-04"
"1","  3.656566e-04"
"1"," -1.624848e-03"
"1","  1.818384e-03"
"1","  2.102424e-03"
"1"," -6.545455e-04"
"1","
V3  "
"1","  1.053929e-03"
"1","  8.857071e-04"
"1","  9.786566e-04"
"1"," -2.324141e-04"
"1","  1.225960e-04"
"1"," -8.036869e-04"
"1","
"
"1","    "
"1","           V43"
"1","           V44"
"1","           V45"
"1","           V46"
"1","           V47"
"1","           V48"
"1","
V1  "
"1","  1.535697e-03"
"1"," -1.046667e-04"
"1"," -8.560808e-04"
"1","  8.892525e-04"
"1","  1.268828e-03"
"1","  5.220808e-04"
"1","
V2  "
"1"," -1.934949e-03"
"1","  1.641212e-03"
"1"," -7.090909e-05"
"1"," -1.003434e-03"
"1"," -1.978384e-03"
"1","  1.455152e-03"
"1","
V3  "
"1","  1.074414e-03"
"1"," -3.669798e-04"
"1"," -7.179394e-04"
"1","  1.075434e-03"
"1","  1.123808e-03"
"1","  3.090202e-04"
"1","
"
"1","    "
"1","           V49"
"1","           V50"
"1","           V51"
"1","           V52"
"1","           V53"
"1","           V54"
"1","
V1  "
"1","  7.814141e-05"
"1","  2.139758e-03"
"1","  2.068465e-03"
"1"," -2.716747e-03"
"1","  1.831414e-03"
"1"," -3.056162e-04"
"1","
V2  "
"1"," -2.780202e-03"
"1"," -2.438788e-03"
"1","  1.662424e-03"
"1","  2.486061e-03"
"1"," -2.777778e-03"
"1","  1.095354e-03"
"1","
V3  "
"1","  4.244242e-04"
"1","  1.934020e-03"
"1","  1.300899e-03"
"1"," -2.695242e-03"
"1","  1.709646e-03"
"1"," -2.901818e-04"
"1","
"
"1","    "
"1","           V55"
"1","           V56"
"1","           V57"
"1","           V58"
"1","           V59"
"1","           V60"
"1","
V1  "
"1"," -2.464444e-03"
"1","  2.227475e-03"
"1","  2.864606e-03"
"1"," -1.740020e-03"
"1","  2.522141e-03"
"1","  1.072343e-03"
"1","
V2  "
"1","  5.686869e-04"
"1","  1.252525e-04"
"1","  1.278384e-03"
"1","  1.100808e-03"
"1","  7.537374e-04"
"1","  1.974949e-03"
"1","
V3  "
"1"," -1.746869e-03"
"1","  1.595556e-03"
"1","  1.716141e-03"
"1"," -1.732131e-03"
"1","  1.543394e-03"
"1","  2.987980e-04"
"1","
"
"1","    "
"1","           V61"
"1","           V62"
"1","           V63"
"1","           V64"
"1","           V65"
"1","           V66"
"1","
V1  "
"1"," -1.446263e-04"
"1","  1.485030e-03"
"1","  2.837535e-03"
"1"," -2.204040e-05"
"1"," -7.968687e-04"
"1","  2.109293e-03"
"1","
V2  "
"1","  1.967879e-03"
"1"," -4.385859e-04"
"1"," -2.026667e-03"
"1","  2.917172e-04"
"1","  2.075758e-03"
"1"," -1.294949e-03"
"1","
V3  "
"1"," -1.910000e-04"
"1","  9.253434e-04"
"1","  2.669273e-03"
"1","  1.026162e-04"
"1"," -1.031768e-03"
"1","  1.690505e-03"
"1","
"
"1","    "
"1","           V67"
"1","           V68"
"1","           V69"
"1","           V70"
"1","           V71"
"1","           V72"
"1","
V1  "
"1","  1.794121e-03"
"1","  4.550101e-04"
"1"," -1.154141e-03"
"1","  1.232323e-05"
"1"," -8.945455e-04"
"1","  9.936970e-04"
"1","
V2  "
"1","  1.859394e-03"
"1"," -1.668081e-03"
"1","  2.169697e-03"
"1"," -2.737374e-04"
"1","  2.878788e-03"
"1"," -2.038788e-03"
"1","
V3  "
"1","  8.470606e-04"
"1","  4.679091e-04"
"1"," -1.317475e-03"
"1"," -8.222222e-05"
"1"," -1.200303e-03"
"1","  1.077657e-03"
"1","
"
"1","    "
"1","           V73"
"1","           V74"
"1","           V75"
"1","           V76"
"1","           V77"
"1","           V78"
"1","
V1  "
"1"," -2.828525e-03"
"1","  3.176465e-03"
"1"," -1.288606e-03"
"1","  1.218283e-03"
"1"," -2.608687e-04"
"1"," -3.681212e-04"
"1","
V2  "
"1","  7.420202e-04"
"1","  4.303030e-04"
"1","  3.361616e-04"
"1","  1.583838e-03"
"1"," -1.685455e-03"
"1","  8.470707e-04"
"1","
V3  "
"1"," -1.901131e-03"
"1","  2.244293e-03"
"1"," -1.399354e-03"
"1","  5.581313e-04"
"1","  3.069394e-04"
"1"," -3.921414e-04"
"1","
"
"1","    "
"1","           V79"
"1","           V80"
"1","           V81"
"1","           V82"
"1","           V83"
"1","           V84"
"1","
V1  "
"1"," -1.702949e-03"
"1"," -1.228747e-03"
"1"," -8.543434e-04"
"1","  9.649495e-04"
"1"," -1.285798e-03"
"1","  2.470828e-03"
"1","
V2  "
"1","  1.042222e-03"
"1","  5.276768e-04"
"1","  1.832323e-03"
"1","  3.666667e-04"
"1","  2.697576e-03"
"1"," -9.098990e-04"
"1","
V3  "
"1"," -1.325717e-03"
"1"," -8.593232e-04"
"1"," -1.032727e-03"
"1","  1.106212e-03"
"1"," -1.383303e-03"
"1","  1.955616e-03"
"1","
"
"1","    "
"1","           V85"
"1","           V86"
"1","           V87"
"1","           V88"
"1","           V89"
"1","           V90"
"1","
V1  "
"1"," -8.588687e-04"
"1"," -1.163131e-03"
"1"," -2.411616e-03"
"1","  2.798687e-03"
"1"," -6.107475e-04"
"1"," -1.129697e-03"
"1","
V2  "
"1","  5.676768e-05"
"1","  1.887879e-03"
"1","  3.596970e-03"
"1"," -2.171717e-03"
"1"," -2.145859e-03"
"1","  7.989899e-04"
"1","
V3  "
"1"," -1.156202e-03"
"1"," -1.012374e-03"
"1"," -2.145202e-03"
"1","  2.647828e-03"
"1"," -7.759596e-05"
"1"," -9.446465e-04"
"1","
"
"1","    "
"1","           V91"
"1","           V92"
"1","           V93"
"1","           V94"
"1","           V95"
"1","           V96"
"1","
V1  "
"1"," -3.078828e-03"
"1"," -3.418990e-04"
"1","  3.163111e-03"
"1","  1.999818e-03"
"1","  3.265859e-03"
"1","  9.108687e-04"
"1","
V2  "
"1","  4.387475e-03"
"1"," -1.101818e-03"
"1"," -3.120404e-03"
"1"," -6.048485e-04"
"1"," -8.191919e-04"
"1"," -3.267071e-03"
"1","
V3  "
"1"," -2.876283e-03"
"1"," -2.361010e-04"
"1","  3.046202e-03"
"1","  1.924657e-03"
"1","  2.497071e-03"
"1","  1.397354e-03"
"1","
"
"1","    "
"1","           V97"
"1","           V98"
"1","           V99"
"1","          V100"
"1","          V101"
"1","          V102"
"1","
V1  "
"1"," -1.860687e-03"
"1"," -7.137778e-04"
"1","  1.174061e-03"
"1"," -1.092202e-03"
"1"," -8.694141e-04"
"1"," -1.858828e-03"
"1","
V2  "
"1","  1.793131e-03"
"1","  9.177778e-04"
"1"," -3.265455e-03"
"1","  1.837576e-03"
"1","  1.089697e-03"
"1","  1.027879e-03"
"1","
V3  "
"1"," -1.680848e-03"
"1"," -9.427475e-04"
"1","  1.241071e-03"
"1"," -1.173374e-03"
"1"," -1.124101e-03"
"1"," -1.228909e-03"
"1","
"
"1","    "
"1","          V103"
"1","          V104"
"1","          V105"
"1","          V106"
"1","          V107"
"1","          V108"
"1","
V1  "
"1","  2.302020e-04"
"1","  1.660626e-03"
"1","  3.289495e-04"
"1","  1.161010e-04"
"1","  2.245576e-03"
"1","  1.942303e-03"
"1","
V2  "
"1"," -5.474747e-04"
"1"," -1.101818e-03"
"1","  1.925253e-04"
"1","  1.134747e-03"
"1"," -4.146263e-03"
"1"," -4.415354e-03"
"1","
V3  "
"1","  3.671212e-04"
"1","  1.472737e-03"
"1","  4.967980e-04"
"1","  2.226970e-04"
"1","  2.415717e-03"
"1","  2.278222e-03"
"1","
"
"1","    "
"1","          V109"
"1","          V110"
"1","          V111"
"1","          V112"
"1","          V113"
"1","          V114"
"1","
V1  "
"1","  1.153818e-03"
"1"," -2.874606e-03"
"1"," -1.362424e-03"
"1","  1.553212e-03"
"1","  2.356768e-04"
"1"," -5.579596e-04"
"1","
V2  "
"1","  2.107879e-03"
"1","  4.254949e-03"
"1","  1.158586e-03"
"1"," -8.658586e-04"
"1"," -8.987879e-04"
"1","  1.657778e-03"
"1","
V3  "
"1","  5.016566e-04"
"1"," -2.877707e-03"
"1"," -1.582222e-03"
"1","  1.321556e-03"
"1","  2.223838e-04"
"1"," -5.850404e-04"
"1","
"
"1","    "
"1","          V115"
"1","          V116"
"1","          V117"
"1","          V118"
"1","          V119"
"1","          V120"
"1","
V1  "
"1"," -3.260848e-03"
"1"," -1.619394e-04"
"1"," -1.471293e-03"
"1","  5.980404e-04"
"1","  5.855152e-04"
"1"," -1.723515e-03"
"1","
V2  "
"1","  3.103636e-03"
"1","  1.764444e-03"
"1","  3.487071e-03"
"1","  7.612121e-04"
"1","  1.083434e-03"
"1","  1.624444e-03"
"1","
V3  "
"1"," -2.967293e-03"
"1"," -7.178384e-04"
"1"," -1.714939e-03"
"1","  8.437374e-05"
"1","  6.497980e-05"
"1"," -1.579939e-03"
"1","
"
"1","    "
"1","          V121"
"1","          V122"
"1","          V123"
"1","          V124"
"1","          V125"
"1","          V126"
"1","
V1  "
"1"," -1.153717e-03"
"1","  9.296162e-04"
"1","  2.013616e-03"
"1"," -3.456566e-05"
"1","  1.113434e-03"
"1"," -1.010909e-04"
"1","
V2  "
"1","  2.830505e-03"
"1","  2.188081e-03"
"1"," -2.307273e-03"
"1"," -1.973939e-03"
"1"," -1.777778e-03"
"1"," -5.886869e-04"
"1","
V3  "
"1"," -1.070798e-03"
"1","  1.390505e-04"
"1","  1.649737e-03"
"1","  5.847374e-04"
"1","  8.339899e-04"
"1","  3.292525e-04"
"1","
"
"1","    "
"1","          V127"
"1","          V128"
"1","          V129"
"1","          V130"
"1","          V131"
"1","          V132"
"1","
V1  "
"1","  5.109899e-04"
"1","  3.091717e-04"
"1"," -1.040606e-04"
"1"," -1.635293e-03"
"1","  1.996727e-03"
"1"," -1.864727e-03"
"1","
V2  "
"1","  1.021010e-03"
"1","  9.957576e-04"
"1"," -4.779798e-04"
"1"," -8.266667e-04"
"1"," -1.620202e-04"
"1","  1.212323e-03"
"1","
V3  "
"1","  5.070101e-04"
"1"," -3.834343e-05"
"1","  1.615152e-05"
"1"," -1.281788e-03"
"1","  1.556949e-03"
"1"," -1.514182e-03"
"1","
"
"1","    "
"1","          V133"
"1","          V134"
"1","          V135"
"1","          V136"
"1","          V137"
"1","          V138"
"1","
V1  "
"1"," -2.205212e-03"
"1","  1.326566e-03"
"1","  1.677374e-04"
"1","  1.421354e-03"
"1","  1.040485e-03"
"1","  2.627455e-03"
"1","
V2  "
"1","  1.243838e-03"
"1"," -2.727273e-03"
"1"," -7.216162e-04"
"1"," -4.322828e-03"
"1","  2.634343e-04"
"1"," -1.614343e-03"
"1","
V3  "
"1"," -2.013212e-03"
"1","  1.282980e-03"
"1","  3.045758e-04"
"1","  1.831384e-03"
"1","  8.525657e-04"
"1","  2.069788e-03"
"1","
"
"1","    "
"1","          V139"
"1","          V140"
"1","          V141"
"1","          V142"
"1","          V143"
"1","          V144"
"1","
V1  "
"1"," -1.622646e-03"
"1"," -2.651657e-03"
"1"," -8.383232e-04"
"1","  3.535091e-03"
"1"," -1.532323e-04"
"1"," -6.148485e-04"
"1","
V2  "
"1"," -3.486869e-04"
"1","  5.142020e-03"
"1","  5.107071e-04"
"1"," -3.657172e-03"
"1"," -1.750505e-03"
"1","  3.252525e-04"
"1","
V3  "
"1"," -9.845556e-04"
"1"," -2.688960e-03"
"1"," -9.923939e-04"
"1","  3.197848e-03"
"1","  5.707071e-06"
"1"," -3.008586e-04"
"1","
"
"1","    "
"1","          V145"
"1","          V146"
"1","          V147"
"1","          V148"
"1","          V149"
"1","          V150"
"1","
V1  "
"1","  1.539071e-03"
"1","  1.008929e-03"
"1","  3.544222e-03"
"1","  3.350040e-03"
"1"," -2.685838e-03"
"1"," -2.711434e-03"
"1","
V2  "
"1"," -1.824444e-03"
"1"," -2.581414e-03"
"1"," -1.045657e-03"
"1"," -2.243030e-03"
"1","  6.052525e-04"
"1","  3.240202e-03"
"1","
V3  "
"1","  1.260949e-03"
"1","  9.433535e-04"
"1","  2.721101e-03"
"1","  2.895727e-03"
"1"," -1.966152e-03"
"1"," -2.738545e-03"
"1","
"
"1","    "
"1","          V151"
"1","          V152"
"1","          V153"
"1","          V154"
"1","          V155"
"1","          V156"
"1","
V1  "
"1"," -2.855778e-03"
"1","  7.705859e-04"
"1","  5.516768e-04"
"1"," -1.508505e-03"
"1","  1.428949e-03"
"1","  1.496909e-03"
"1","
V2  "
"1","  1.391717e-03"
"1","  3.313131e-05"
"1"," -3.370101e-03"
"1","  8.725253e-04"
"1"," -1.620202e-04"
"1"," -2.699596e-03"
"1","
V3  "
"1"," -2.415263e-03"
"1","  5.014545e-04"
"1","  1.094525e-03"
"1"," -1.137081e-03"
"1","  1.134172e-03"
"1","  1.716636e-03"
"1","
"
"1","    "
"1","          V157"
"1","          V158"
"1","          V159"
"1","          V160"
"1","          V161"
"1","          V162"
"1","
V1  "
"1"," -1.535677e-03"
"1","  3.424384e-03"
"1"," -1.332040e-03"
"1","  1.602828e-03"
"1"," -1.070747e-03"
"1","  1.312606e-03"
"1","
V2  "
"1","  2.693737e-03"
"1"," -3.090505e-03"
"1","  8.868687e-05"
"1"," -2.779798e-03"
"1","  7.905051e-04"
"1","  3.274545e-03"
"1","
V3  "
"1"," -1.605212e-03"
"1","  3.081384e-03"
"1"," -1.168545e-03"
"1","  1.603434e-03"
"1"," -9.818384e-04"
"1","  6.941818e-04"
"1","
"
"1","    "
"1","          V163"
"1","          V164"
"1","          V165"
"1","          V166"
"1","          V167"
"1","          V168"
"1","
V1  "
"1"," -4.060848e-03"
"1","  9.957576e-05"
"1"," -2.393939e-04"
"1"," -1.008485e-03"
"1"," -3.175960e-03"
"1"," -1.561737e-03"
"1","
V2  "
"1","  3.630909e-03"
"1"," -2.415354e-03"
"1"," -1.598990e-03"
"1","  1.921212e-03"
"1","  7.949495e-04"
"1","  8.179798e-04"
"1","
V3  "
"1"," -3.584465e-03"
"1","  4.351414e-04"
"1"," -1.343434e-04"
"1"," -9.582828e-04"
"1"," -2.625354e-03"
"1"," -8.990505e-04"
"1","
"
"1","    "
"1","          V169"
"1","          V170"
"1","          V171"
"1","          V172"
"1","          V173"
"1","          V174"
"1","
V1  "
"1"," -2.205313e-03"
"1","  1.590949e-03"
"1"," -1.679980e-03"
"1"," -8.403838e-04"
"1","  1.436869e-03"
"1"," -3.001010e-03"
"1","
V2  "
"1","  2.363030e-03"
"1","  1.483232e-03"
"1"," -4.816162e-04"
"1","  2.833535e-03"
"1"," -1.754545e-03"
"1","  2.216162e-03"
"1","
V3  "
"1"," -1.925384e-03"
"1","  1.012141e-03"
"1"," -1.094535e-03"
"1"," -9.343333e-04"
"1","  1.214394e-03"
"1"," -2.632323e-03"
"1","
"
"1","    "
"1","          V175"
"1","          V176"
"1","          V177"
"1","          V178"
"1","          V179"
"1","          V180"
"1","
V1  "
"1"," -1.264061e-03"
"1","  8.313535e-04"
"1"," -1.040788e-03"
"1","  2.014081e-03"
"1"," -2.807010e-03"
"1","  3.845657e-04"
"1","
V2  "
"1","  6.848485e-05"
"1","  2.466061e-03"
"1","  3.821414e-03"
"1"," -1.311717e-03"
"1","  1.855152e-03"
"1","  2.769697e-04"
"1","
V3  "
"1"," -1.335061e-03"
"1","  2.631515e-04"
"1"," -1.546152e-03"
"1","  1.845929e-03"
"1"," -2.516131e-03"
"1","  7.922828e-04"
"1","
"
"1","    "
"1","          V181"
"1","          V182"
"1","          V183"
"1","          V184"
"1","          V185"
"1","          V186"
"1","
V1  "
"1","  5.920000e-04"
"1"," -1.767071e-04"
"1","  1.850970e-03"
"1"," -9.569495e-04"
"1"," -1.122303e-03"
"1"," -1.200929e-03"
"1","
V2  "
"1"," -5.214141e-04"
"1","  1.819798e-03"
"1"," -1.138788e-03"
"1","  1.224444e-03"
"1","  2.872929e-03"
"1","  1.349293e-03"
"1","
V3  "
"1","  4.212525e-04"
"1"," -2.560303e-04"
"1","  1.632051e-03"
"1"," -8.411010e-04"
"1"," -1.449030e-03"
"1"," -9.050101e-04"
"1","
"
"1","    "
"1","          V187"
"1","          V188"
"1","          V189"
"1","          V190"
"1","          V191"
"1","          V192"
"1","
V1  "
"1"," -1.252141e-03"
"1","  2.144828e-03"
"1"," -1.937919e-03"
"1","  1.814000e-03"
"1"," -2.678202e-03"
"1"," -1.514768e-03"
"1","
V2  "
"1","  1.202828e-03"
"1"," -1.261818e-03"
"1","  1.802626e-03"
"1"," -1.817576e-03"
"1","  1.156364e-03"
"1","  1.828081e-03"
"1","
V3  "
"1"," -1.458394e-03"
"1","  1.935545e-03"
"1"," -1.809364e-03"
"1","  1.788818e-03"
"1"," -2.677990e-03"
"1"," -1.527586e-03"
"1","
"
"1","    "
"1","          V193"
"1","          V194"
"1","          V195"
"1","          V196"
"1","          V197"
"1","          V198"
"1","
V1  "
"1"," -5.746869e-04"
"1","  2.247091e-03"
"1"," -7.552525e-04"
"1"," -1.199717e-03"
"1","  2.305737e-03"
"1","  1.677717e-03"
"1","
V2  "
"1"," -2.321616e-03"
"1"," -3.515152e-05"
"1","  6.262626e-04"
"1","  3.362424e-03"
"1"," -1.776970e-03"
"1"," -2.703030e-04"
"1","
V3  "
"1","  2.439697e-04"
"1","  1.817485e-03"
"1"," -6.892424e-04"
"1"," -1.423091e-03"
"1","  2.366505e-03"
"1","  1.051990e-03"
"1","
"
"1","    "
"1","          V199"
"1","          V200"
"1","          V201"
"1","          V202"
"1","          V203"
"1","          V204"
"1","
V1  "
"1","  7.716970e-04"
"1","  3.223232e-03"
"1"," -1.623778e-03"
"1","  2.182889e-03"
"1"," -8.424242e-04"
"1","  3.572121e-04"
"1","
V2  "
"1"," -1.299192e-03"
"1"," -1.884848e-03"
"1","  1.150101e-03"
"1","  8.076768e-04"
"1"," -4.787879e-04"
"1"," -4.389899e-04"
"1","
V3  "
"1","  1.122212e-03"
"1","  3.104040e-03"
"1"," -1.805323e-03"
"1","  1.379323e-03"
"1"," -3.000000e-04"
"1","  5.032323e-05"
"1","
"
"1","    "
"1","          V205"
"1","          V206"
"1","          V207"
"1","          V208"
"1","          V209"
"1","          V210"
"1","
V1  "
"1"," -1.175838e-03"
"1"," -1.632566e-03"
"1"," -1.585717e-03"
"1","  8.898990e-05"
"1"," -2.003535e-03"
"1","  6.056162e-04"
"1","
V2  "
"1","  1.340606e-03"
"1"," -9.933333e-04"
"1","  7.963636e-04"
"1"," -4.595960e-04"
"1","  9.454545e-04"
"1","  1.421818e-03"
"1","
V3  "
"1"," -1.428323e-03"
"1"," -8.243636e-04"
"1"," -1.602960e-03"
"1","  2.692424e-04"
"1"," -1.393687e-03"
"1"," -6.385859e-05"
"1","
"
"1","    "
"1","          V211"
"1","          V212"
"1","          V213"
"1","          V214"
"1","          V215"
"1","          V216"
"1","
V1  "
"1","  1.766424e-03"
"1","  7.456162e-04"
"1"," -2.057980e-03"
"1","  3.480667e-03"
"1","  2.921212e-05"
"1","  2.608485e-03"
"1","
V2  "
"1","  1.516768e-03"
"1"," -1.262020e-03"
"1"," -6.373737e-04"
"1"," -2.216566e-03"
"1"," -3.263434e-03"
"1"," -1.744444e-03"
"1","
V3  "
"1","  8.665455e-04"
"1","  6.384646e-04"
"1"," -1.684040e-03"
"1","  3.231747e-03"
"1","  7.489495e-04"
"1","  2.479495e-03"
"1","
"
"1","    "
"1","          V217"
"1","          V218"
"1","          V219"
"1","          V220"
"1","          V221"
"1","          V222"
"1","
V1  "
"1","  1.293434e-03"
"1"," -5.743636e-04"
"1"," -2.061697e-03"
"1"," -1.239010e-03"
"1","  4.365051e-04"
"1","  9.161616e-05"
"1","
V2  "
"1","  1.778788e-03"
"1","  8.018182e-04"
"1"," -1.443232e-03"
"1","  1.758384e-03"
"1","  1.511515e-03"
"1"," -1.963636e-03"
"1","
V3  "
"1","  4.906566e-04"
"1"," -3.392020e-04"
"1"," -1.153576e-03"
"1"," -1.391727e-03"
"1"," -1.867980e-04"
"1","  4.155051e-04"
"1","
"
"1","    "
"1","          V223"
"1","          V224"
"1","          V225"
"1","          V226"
"1","          V227"
"1","          V228"
"1","
V1  "
"1"," -7.852929e-04"
"1"," -1.983535e-03"
"1","  1.777899e-03"
"1","  9.986061e-04"
"1","  2.037374e-03"
"1","  1.967980e-03"
"1","
V2  "
"1"," -6.721212e-04"
"1","  6.929293e-04"
"1"," -6.545455e-05"
"1"," -3.030101e-03"
"1"," -3.060606e-03"
"1"," -4.206061e-03"
"1","
V3  "
"1"," -5.173939e-04"
"1"," -1.654899e-03"
"1","  1.109152e-03"
"1","  1.193242e-03"
"1","  2.329293e-03"
"1","  2.076919e-03"
"1","
"
"1","    "
"1","          V229"
"1","          V230"
"1","          V231"
"1","          V232"
"1","          V233"
"1","          V234"
"1","
V1  "
"1"," -1.848768e-03"
"1","  3.153596e-03"
"1"," -2.253152e-03"
"1"," -1.870263e-03"
"1","  9.001212e-04"
"1"," -2.052505e-03"
"1","
V2  "
"1","  1.261818e-03"
"1"," -4.077172e-03"
"1"," -2.931313e-04"
"1","  9.701010e-04"
"1"," -2.050303e-03"
"1","  1.133535e-03"
"1","
V3  "
"1"," -1.543071e-03"
"1","  2.969222e-03"
"1"," -1.558394e-03"
"1"," -1.857354e-03"
"1","  1.383899e-03"
"1"," -1.664636e-03"
"1","
"
"1","    "
"1","          V235"
"1","          V236"
"1","          V237"
"1","          V238"
"1","          V239"
"1","          V240"
"1","
V1  "
"1","  2.770101e-03"
"1"," -3.234505e-03"
"1","  4.733333e-05"
"1"," -1.357354e-03"
"1"," -2.214141e-03"
"1","  5.815960e-04"
"1","
V2  "
"1"," -3.080808e-03"
"1","  2.775152e-03"
"1"," -1.327273e-04"
"1","  9.355556e-04"
"1","  1.103030e-03"
"1"," -3.320404e-03"
"1","
V3  "
"1","  2.360808e-03"
"1"," -2.767758e-03"
"1"," -8.188889e-05"
"1"," -9.872626e-04"
"1"," -1.775253e-03"
"1","  1.242313e-03"
"1","
"
"1","    "
"1","          V241"
"1","          V242"
"1","          V243"
"1","          V244"
"1","          V245"
"1","          V246"
"1","
V1  "
"1","  1.333152e-03"
"1","  7.390505e-04"
"1","  6.078788e-05"
"1","  1.612020e-03"
"1","  1.510121e-03"
"1","  3.263212e-03"
"1","
V2  "
"1"," -1.774545e-03"
"1","  1.233939e-03"
"1"," -2.185051e-03"
"1"," -2.383838e-03"
"1","  6.850505e-04"
"1"," -2.797172e-03"
"1","
V3  "
"1","  1.516071e-03"
"1","  7.836667e-04"
"1","  6.435253e-04"
"1","  1.774192e-03"
"1","  9.666768e-04"
"1","  2.811404e-03"
"1","
"
"1","    "
"1","          V247"
"1","          V248"
"1","          V249"
"1","          V250"
"1","          V251"
"1","          V252"
"1","
V1  "
"1","  8.067273e-04"
"1","  1.777434e-03"
"1"," -1.147717e-03"
"1"," -7.495758e-04"
"1","  3.300606e-04"
"1","  7.715354e-04"
"1","
V2  "
"1"," -3.458990e-03"
"1"," -2.594343e-03"
"1"," -4.444444e-06"
"1"," -1.035152e-03"
"1","  1.340000e-03"
"1"," -6.848485e-05"
"1","
V3  "
"1","  1.427101e-03"
"1","  1.880131e-03"
"1"," -9.475960e-04"
"1"," -5.505455e-04"
"1","  7.664646e-05"
"1","  5.564747e-04"
"1","
"
"1","    "
"1","          V253"
"1","          V254"
"1","          V255"
"1","          V256"
"1","          V257"
"1","          V258"
"1","
V1  "
"1"," -1.983838e-04"
"1"," -2.553131e-04"
"1","  6.727273e-06"
"1","  7.172121e-04"
"1","  1.005556e-03"
"1"," -2.464182e-03"
"1","
V2  "
"1"," -3.406061e-03"
"1"," -2.238990e-03"
"1","  2.888889e-05"
"1"," -2.238384e-04"
"1"," -1.975758e-03"
"1","  1.686465e-03"
"1","
V3  "
"1","  1.694949e-04"
"1","  2.758788e-04"
"1"," -2.557273e-04"
"1","  8.267879e-04"
"1","  1.419949e-03"
"1"," -2.282091e-03"
"1","
"
"1","    "
"1","          V259"
"1","          V260"
"1","          V261"
"1","          V262"
"1","          V263"
"1","          V264"
"1","
V1  "
"1","  2.595960e-04"
"1"," -2.773535e-03"
"1","  7.790707e-04"
"1","  1.146202e-03"
"1","  1.141556e-03"
"1","  5.753737e-04"
"1","
V2  "
"1","  3.098990e-03"
"1","  3.014141e-03"
"1","  9.876768e-04"
"1"," -9.642424e-04"
"1","  6.115152e-04"
"1"," -8.593939e-04"
"1","
V3  "
"1"," -4.212121e-04"
"1"," -2.409495e-03"
"1","  6.501414e-04"
"1","  8.135051e-04"
"1","  3.692626e-04"
"1","  4.750606e-04"
"1","
"
"1","    "
"1","          V265"
"1","          V266"
"1","          V267"
"1","          V268"
"1","          V269"
"1","          V270"
"1","
V1  "
"1","  1.327677e-04"
"1"," -3.557576e-05"
"1","  6.725253e-04"
"1","  1.889737e-03"
"1","  1.020303e-03"
"1","  1.034283e-03"
"1","
V2  "
"1"," -1.938990e-03"
"1"," -1.767879e-03"
"1","  1.602020e-03"
"1","  2.014545e-03"
"1","  1.119192e-03"
"1"," -2.755152e-03"
"1","
V3  "
"1","  2.158788e-04"
"1","  4.251414e-04"
"1"," -7.282828e-05"
"1","  9.408283e-04"
"1","  4.641919e-04"
"1","  1.079263e-03"
"1","
"
"1","    "
"1","          V271"
"1","          V272"
"1","          V273"
"1","          V274"
"1","          V275"
"1","          V276"
"1","
V1  "
"1"," -2.514444e-03"
"1"," -1.325596e-03"
"1","  2.803838e-04"
"1","  2.582646e-03"
"1","  3.022626e-04"
"1","  4.914747e-04"
"1","
V2  "
"1"," -9.060606e-04"
"1","  1.401616e-03"
"1"," -7.355556e-04"
"1"," -3.589697e-03"
"1"," -8.763636e-04"
"1","  1.573333e-03"
"1","
V3  "
"1"," -1.640556e-03"
"1"," -1.299667e-03"
"1","  1.225152e-04"
"1","  2.760515e-03"
"1"," -5.492929e-05"
"1","  3.255354e-04"
"1","
"
"1","    "
"1","          V277"
"1","          V278"
"1","          V279"
"1","          V280"
"1","          V281"
"1","          V282"
"1","
V1  "
"1"," -4.370404e-03"
"1","  1.470768e-03"
"1"," -1.691131e-03"
"1","  4.538182e-03"
"1"," -9.349495e-05"
"1","  1.820687e-03"
"1","
V2  "
"1","  3.062626e-03"
"1","  1.012727e-03"
"1","  2.188687e-03"
"1"," -3.179798e-03"
"1","  9.226263e-04"
"1"," -3.828485e-03"
"1","
V3  "
"1"," -3.816515e-03"
"1","  1.182354e-03"
"1"," -1.684960e-03"
"1","  3.945859e-03"
"1","  2.222222e-07"
"1","  1.974990e-03"
"1","
"
"1","    "
"1","          V283"
"1","          V284"
"1","          V285"
"1","          V286"
"1","          V287"
"1","          V288"
"1","
V1  "
"1"," -1.720505e-03"
"1"," -9.864444e-04"
"1"," -1.052303e-03"
"1","  1.507576e-03"
"1","  2.679535e-03"
"1","  2.132566e-03"
"1","
V2  "
"1","  3.728283e-03"
"1"," -2.381818e-04"
"1"," -2.729091e-03"
"1"," -6.060606e-04"
"1"," -2.389495e-03"
"1","  2.541818e-03"
"1","
V3  "
"1"," -1.667828e-03"
"1"," -6.154444e-04"
"1"," -9.534343e-05"
"1","  1.131061e-03"
"1","  2.471586e-03"
"1","  1.347091e-03"
"1","
"
"1","    "
"1","          V289"
"1","          V290"
"1","          V291"
"1","          V292"
"1","          V293"
"1","          V294"
"1","
V1  "
"1","  1.781131e-03"
"1"," -2.698121e-03"
"1"," -3.327677e-04"
"1","  1.713859e-03"
"1"," -1.564343e-03"
"1","  9.365051e-04"
"1","
V2  "
"1"," -2.132121e-03"
"1","  1.668283e-03"
"1"," -2.581212e-03"
"1"," -1.876566e-03"
"1","  1.078788e-03"
"1","  3.093333e-03"
"1","
V3  "
"1","  1.316323e-03"
"1"," -2.153606e-03"
"1","  9.573737e-05"
"1","  1.641273e-03"
"1"," -1.425101e-03"
"1","  3.682525e-04"
"1","
"
"1","    "
"1","          V295"
"1","          V296"
"1","          V297"
"1","          V298"
"1","          V299"
"1","          V300"
"1","
V1  "
"1","  1.342808e-03"
"1"," -1.608081e-04"
"1","  6.451717e-04"
"1"," -2.570424e-03"
"1"," -5.127879e-04"
"1","  9.211313e-04"
"1","
V2  "
"1","  5.351515e-04"
"1"," -2.373737e-04"
"1","  7.274747e-04"
"1","  3.561414e-03"
"1"," -2.805657e-03"
"1","  1.503232e-03"
"1","
V3  "
"1","  8.320101e-04"
"1","  9.131313e-05"
"1","  1.932929e-04"
"1"," -2.456424e-03"
"1","  2.208788e-04"
"1","  4.605657e-04"
"1","
"
"1"," [ reached getOption(""max.print"") -- omitted 297 rows ]
"
"0","#eigen vectors and the eigen values"
"0","ev <- eigen(covariance_matrix)"
"0","eigen_values <- ev$values"
"0","eigen_vectors<- ev$vectors"
"0","eigen_values"
"1","  [1]"
"1","  4.917689e-01"
"1","  2.849349e-01"
"1","  1.530864e-01"
"1","  1.772472e-03"
"1","  4.152574e-04"
"1","  6.668865e-05"
"1","
"
"1","  [7]"
"1","  6.292361e-05"
"1","  5.906371e-05"
"1","  5.605653e-05"
"1","  5.449961e-05"
"1","  5.398171e-05"
"1","  5.243617e-05"
"1","
"
"1"," [13]"
"1","  5.084270e-05"
"1","  4.991315e-05"
"1","  4.876319e-05"
"1","  4.778604e-05"
"1","  4.732893e-05"
"1","  4.449354e-05"
"1","
"
"1"," [19]"
"1","  4.391610e-05"
"1","  4.363635e-05"
"1","  4.168371e-05"
"1","  4.126663e-05"
"1","  4.059310e-05"
"1","  3.959915e-05"
"1","
"
"1"," [25]"
"1","  3.939673e-05"
"1","  3.845006e-05"
"1","  3.819986e-05"
"1","  3.735916e-05"
"1","  3.673200e-05"
"1","  3.629278e-05"
"1","
"
"1"," [31]"
"1","  3.464696e-05"
"1","  3.427374e-05"
"1","  3.364421e-05"
"1","  3.327984e-05"
"1","  3.273699e-05"
"1","  3.155748e-05"
"1","
"
"1"," [37]"
"1","  3.086432e-05"
"1","  3.039044e-05"
"1","  2.955901e-05"
"1","  2.886268e-05"
"1","  2.854120e-05"
"1","  2.780245e-05"
"1","
"
"1"," [43]"
"1","  2.729332e-05"
"1","  2.685378e-05"
"1","  2.614471e-05"
"1","  2.586066e-05"
"1","  2.562679e-05"
"1","  2.495953e-05"
"1","
"
"1"," [49]"
"1","  2.419417e-05"
"1","  2.375233e-05"
"1","  2.360692e-05"
"1","  2.300778e-05"
"1","  2.274215e-05"
"1","  2.196721e-05"
"1","
"
"1"," [55]"
"1","  2.137054e-05"
"1","  2.114566e-05"
"1","  2.076924e-05"
"1","  2.019820e-05"
"1","  1.992463e-05"
"1","  1.930726e-05"
"1","
"
"1"," [61]"
"1","  1.877849e-05"
"1","  1.860774e-05"
"1","  1.833895e-05"
"1","  1.800421e-05"
"1","  1.755892e-05"
"1","  1.719053e-05"
"1","
"
"1"," [67]"
"1","  1.664029e-05"
"1","  1.630637e-05"
"1","  1.589768e-05"
"1","  1.576790e-05"
"1","  1.545572e-05"
"1","  1.504186e-05"
"1","
"
"1"," [73]"
"1","  1.471054e-05"
"1","  1.402025e-05"
"1","  1.390704e-05"
"1","  1.338835e-05"
"1","  1.321484e-05"
"1","  1.296740e-05"
"1","
"
"1"," [79]"
"1","  1.277762e-05"
"1","  1.201394e-05"
"1","  1.194402e-05"
"1","  1.160960e-05"
"1","  1.122842e-05"
"1","  1.084712e-05"
"1","
"
"1"," [85]"
"1","  1.051477e-05"
"1","  1.019460e-05"
"1","  9.347342e-06"
"1","  9.078872e-06"
"1","  8.720978e-06"
"1","  8.472912e-06"
"1","
"
"1"," [91]"
"1","  7.882182e-06"
"1","  7.444914e-06"
"1","  7.311400e-06"
"1","  6.983500e-06"
"1","  6.817590e-06"
"1","  6.458152e-06"
"1","
"
"1"," [97]"
"1","  5.728542e-06"
"1","  5.378686e-06"
"1","  4.225389e-06"
"1","  8.012914e-17"
"1","  2.324069e-17"
"1","  1.468190e-17"
"1","
"
"1","[103]"
"1","  1.299247e-17"
"1","  1.282095e-17"
"1","  1.084866e-17"
"1","  6.028363e-18"
"1","  4.830343e-18"
"1","  3.782718e-18"
"1","
"
"1","[109]"
"1","  3.719613e-18"
"1","  3.635889e-18"
"1","  3.535700e-18"
"1","  3.185002e-18"
"1","  2.747324e-18"
"1","  2.676559e-18"
"1","
"
"1","[115]"
"1","  2.630062e-18"
"1","  2.587019e-18"
"1","  2.487438e-18"
"1","  2.356775e-18"
"1","  2.343696e-18"
"1","  2.338710e-18"
"1","
"
"1","[121]"
"1","  2.257827e-18"
"1","  2.165844e-18"
"1","  1.813173e-18"
"1","  1.651631e-18"
"1","  1.236386e-18"
"1","  1.213734e-18"
"1","
"
"1","[127]"
"1","  1.093144e-18"
"1","  1.082173e-18"
"1","  8.514031e-19"
"1","  8.349555e-19"
"1","  6.627802e-19"
"1","  5.643723e-19"
"1","
"
"1","[133]"
"1","  5.516727e-19"
"1","  5.001595e-19"
"1","  4.685638e-19"
"1","  4.597934e-19"
"1","  4.558398e-19"
"1","  4.227405e-19"
"1","
"
"1","[139]"
"1","  4.155346e-19"
"1","  3.966318e-19"
"1","  3.914578e-19"
"1","  3.724390e-19"
"1","  3.548591e-19"
"1","  3.271825e-19"
"1","
"
"1","[145]"
"1","  3.069853e-19"
"1","  3.063543e-19"
"1","  3.038105e-19"
"1","  2.816760e-19"
"1","  2.703725e-19"
"1","  2.645784e-19"
"1","
"
"1","[151]"
"1","  2.510390e-19"
"1","  2.506747e-19"
"1","  2.426576e-19"
"1","  2.217295e-19"
"1","  2.187866e-19"
"1","  2.150747e-19"
"1","
"
"1","[157]"
"1","  2.128065e-19"
"1","  2.047971e-19"
"1","  2.029483e-19"
"1","  1.896797e-19"
"1","  1.628922e-19"
"1","  1.579738e-19"
"1","
"
"1","[163]"
"1","  1.559274e-19"
"1","  1.484397e-19"
"1","  1.445909e-19"
"1","  1.424125e-19"
"1","  1.394068e-19"
"1","  1.366349e-19"
"1","
"
"1","[169]"
"1","  1.358053e-19"
"1","  1.328009e-19"
"1","  1.303744e-19"
"1","  1.205034e-19"
"1","  1.162991e-19"
"1","  1.155155e-19"
"1","
"
"1","[175]"
"1","  1.110879e-19"
"1","  1.018535e-19"
"1","  8.891293e-20"
"1","  8.638544e-20"
"1","  8.081047e-20"
"1","  7.726240e-20"
"1","
"
"1","[181]"
"1","  7.541886e-20"
"1","  7.502954e-20"
"1","  6.082706e-20"
"1","  5.717620e-20"
"1","  5.673171e-20"
"1","  5.229447e-20"
"1","
"
"1","[187]"
"1","  5.202778e-20"
"1","  5.145249e-20"
"1","  4.842356e-20"
"1","  4.404379e-20"
"1","  3.984803e-20"
"1","  3.632468e-20"
"1","
"
"1","[193]"
"1","  3.569866e-20"
"1","  3.502196e-20"
"1","  2.704263e-20"
"1","  2.499794e-20"
"1","  2.232038e-20"
"1","  2.076032e-20"
"1","
"
"1","[199]"
"1","  1.993485e-20"
"1","  1.291961e-20"
"1","  1.182499e-20"
"1","  1.034093e-20"
"1","  3.487122e-21"
"1"," -1.985774e-21"
"1","
"
"1","[205]"
"1"," -2.733052e-21"
"1"," -1.079412e-20"
"1"," -1.422577e-20"
"1"," -1.478014e-20"
"1"," -2.449371e-20"
"1"," -2.562815e-20"
"1","
"
"1","[211]"
"1"," -2.696682e-20"
"1"," -3.968180e-20"
"1"," -4.741466e-20"
"1"," -4.904539e-20"
"1"," -5.730048e-20"
"1"," -5.784385e-20"
"1","
"
"1","[217]"
"1"," -7.522394e-20"
"1"," -8.019554e-20"
"1"," -8.148570e-20"
"1"," -9.244329e-20"
"1"," -9.613750e-20"
"1"," -1.066539e-19"
"1","
"
"1","[223]"
"1"," -1.081516e-19"
"1"," -1.129290e-19"
"1"," -1.129595e-19"
"1"," -1.143696e-19"
"1"," -1.210396e-19"
"1"," -1.280901e-19"
"1","
"
"1","[229]"
"1"," -1.308562e-19"
"1"," -1.371712e-19"
"1"," -1.406045e-19"
"1"," -1.490475e-19"
"1"," -1.555695e-19"
"1"," -1.557825e-19"
"1","
"
"1","[235]"
"1"," -1.621655e-19"
"1"," -1.646287e-19"
"1"," -1.721805e-19"
"1"," -1.832781e-19"
"1"," -1.846301e-19"
"1"," -1.990185e-19"
"1","
"
"1","[241]"
"1"," -2.008953e-19"
"1"," -2.019802e-19"
"1"," -2.022497e-19"
"1"," -2.210419e-19"
"1"," -2.229211e-19"
"1"," -2.246886e-19"
"1","
"
"1","[247]"
"1"," -2.284618e-19"
"1"," -2.412896e-19"
"1"," -2.451203e-19"
"1"," -2.472465e-19"
"1"," -2.484222e-19"
"1"," -2.513797e-19"
"1","
"
"1","[253]"
"1"," -2.555206e-19"
"1"," -2.565659e-19"
"1"," -2.593090e-19"
"1"," -2.670441e-19"
"1"," -2.721654e-19"
"1"," -2.773716e-19"
"1","
"
"1","[259]"
"1"," -2.829148e-19"
"1"," -2.956093e-19"
"1"," -3.117468e-19"
"1"," -3.317419e-19"
"1"," -3.466371e-19"
"1"," -3.621150e-19"
"1","
"
"1","[265]"
"1"," -3.636638e-19"
"1"," -4.039239e-19"
"1"," -4.089584e-19"
"1"," -4.626886e-19"
"1"," -4.821116e-19"
"1"," -5.197906e-19"
"1","
"
"1","[271]"
"1"," -5.529099e-19"
"1"," -6.026045e-19"
"1"," -6.960529e-19"
"1"," -8.097455e-19"
"1"," -8.110928e-19"
"1"," -9.278924e-19"
"1","
"
"1","[277]"
"1"," -1.080480e-18"
"1"," -1.095022e-18"
"1"," -1.439401e-18"
"1"," -1.657918e-18"
"1"," -1.856300e-18"
"1"," -1.860802e-18"
"1","
"
"1","[283]"
"1"," -2.129918e-18"
"1"," -2.189012e-18"
"1"," -2.213844e-18"
"1"," -2.373858e-18"
"1"," -2.384897e-18"
"1"," -2.484033e-18"
"1","
"
"1","[289]"
"1"," -2.741901e-18"
"1"," -3.273540e-18"
"1"," -3.394198e-18"
"1"," -3.855401e-18"
"1"," -4.033090e-18"
"1"," -4.667363e-18"
"1","
"
"1","[295]"
"1"," -6.467342e-18"
"1"," -7.253930e-18"
"1"," -7.658125e-18"
"1"," -1.088403e-17"
"1"," -1.265273e-16"
"1"," -3.031463e-16"
"1","
"
"0","eigen_vectors"
"1","      "
"1","          [,1]"
"1","         [,2]"
"1","          [,3]"
"1","          [,4]"
"1","          [,5]"
"1","          [,6]"
"1","
  [1,]"
"1","  0.0363435742"
"1","  0.080208192"
"1","  4.449263e-04"
"1"," -0.0586079164"
"1","  0.1205162025"
"1"," -5.695167e-02"
"1","
  [2,]"
"1"," -0.0609123487"
"1"," -0.003541722"
"1","  1.026959e-01"
"1"," -0.0431102271"
"1"," -0.0175039181"
"1","  3.836525e-02"
"1","
  [3,]"
"1","  0.0404194265"
"1","  0.056115852"
"1","  1.381070e-03"
"1"," -0.0797536008"
"1","  0.1014817740"
"1","  1.196704e-02"
"1","
"
"1","      "
"1","          [,7]"
"1","          [,8]"
"1","          [,9]"
"1","         [,10]"
"1","         [,11]"
"1","         [,12]"
"1","
  [1,]"
"1"," -0.0130499288"
"1"," -0.0122932963"
"1"," -0.0584388287"
"1"," -0.0010017766"
"1"," -0.0956503124"
"1"," -9.060925e-04"
"1","
  [2,]"
"1"," -0.0036113722"
"1","  0.0151714200"
"1","  0.0283480038"
"1","  0.0114122580"
"1"," -0.0053878700"
"1","  4.149758e-02"
"1","
  [3,]"
"1","  0.0040952939"
"1"," -0.0516017653"
"1","  0.0498678324"
"1"," -0.0037655356"
"1"," -0.0109336587"
"1","  3.076020e-03"
"1","
"
"1","      "
"1","         [,13]"
"1","         [,14]"
"1","         [,15]"
"1","         [,16]"
"1","         [,17]"
"1","         [,18]"
"1","
  [1,]"
"1","  0.0050071331"
"1","  0.0413092967"
"1"," -0.0428595060"
"1","  0.0541402550"
"1"," -0.0909707754"
"1"," -0.0399009696"
"1","
  [2,]"
"1"," -0.0553279685"
"1"," -0.0933894474"
"1"," -0.1206198817"
"1"," -0.1012978212"
"1"," -0.0665247664"
"1","  0.0039306878"
"1","
  [3,]"
"1"," -0.0556017092"
"1","  0.0607352161"
"1","  0.0319987298"
"1","  0.0195094304"
"1"," -0.1591667968"
"1"," -0.0221439555"
"1","
"
"1","      "
"1","         [,19]"
"1","         [,20]"
"1","         [,21]"
"1","        [,22]"
"1","         [,23]"
"1","         [,24]"
"1","
  [1,]"
"1","  0.1509666083"
"1","  0.0017725515"
"1"," -5.043445e-02"
"1"," -0.019166798"
"1"," -0.0203072130"
"1"," -0.0374603609"
"1","
  [2,]"
"1","  0.0113005181"
"1"," -0.0575969810"
"1"," -1.473734e-02"
"1"," -0.048467271"
"1","  0.0386728935"
"1","  0.0680524509"
"1","
  [3,]"
"1","  0.0390325016"
"1"," -0.0308741716"
"1","  9.953546e-03"
"1","  0.045382467"
"1","  0.0573697068"
"1","  0.0799747084"
"1","
"
"1","      "
"1","         [,25]"
"1","         [,26]"
"1","         [,27]"
"1","         [,28]"
"1","         [,29]"
"1","         [,30]"
"1","
  [1,]"
"1"," -1.753727e-02"
"1"," -0.0080288515"
"1","  1.034905e-02"
"1"," -0.0331660313"
"1","  8.272655e-02"
"1"," -0.0800866190"
"1","
  [2,]"
"1","  2.145369e-02"
"1"," -0.1249428188"
"1","  6.157108e-02"
"1"," -0.0787180233"
"1"," -5.753872e-02"
"1","  0.0868655705"
"1","
  [3,]"
"1","  3.787374e-02"
"1","  0.0085799770"
"1"," -1.294382e-02"
"1"," -0.0020082452"
"1"," -1.301573e-01"
"1"," -0.0422051908"
"1","
"
"1","      "
"1","         [,31]"
"1","         [,32]"
"1","         [,33]"
"1","         [,34]"
"1","         [,35]"
"1","         [,36]"
"1","
  [1,]"
"1"," -4.019930e-02"
"1","  4.559978e-02"
"1"," -0.0431354657"
"1","  1.324161e-02"
"1"," -0.0232353547"
"1","  0.0987858902"
"1","
  [2,]"
"1","  1.391636e-02"
"1"," -1.026428e-01"
"1","  0.0761249820"
"1"," -1.655579e-02"
"1"," -0.0962788720"
"1"," -0.0831475740"
"1","
  [3,]"
"1","  5.114994e-02"
"1"," -1.527226e-04"
"1","  0.0287407150"
"1","  3.766666e-02"
"1","  0.0263926976"
"1","  0.0090796437"
"1","
"
"1","      "
"1","         [,37]"
"1","         [,38]"
"1","         [,39]"
"1","         [,40]"
"1","         [,41]"
"1","         [,42]"
"1","
  [1,]"
"1"," -0.0366085222"
"1"," -6.057258e-02"
"1","  2.544973e-02"
"1","  0.0345866397"
"1","  0.0625632375"
"1","  0.0712620353"
"1","
  [2,]"
"1","  0.0160660354"
"1"," -7.175282e-03"
"1","  8.019821e-02"
"1"," -0.0268851943"
"1"," -0.0353349180"
"1","  0.0201883758"
"1","
  [3,]"
"1"," -0.0539757008"
"1","  2.677002e-02"
"1"," -1.033222e-01"
"1"," -0.0057503397"
"1","  0.0359158337"
"1"," -0.0413890346"
"1","
"
"1","      "
"1","         [,43]"
"1","         [,44]"
"1","         [,45]"
"1","         [,46]"
"1","         [,47]"
"1","         [,48]"
"1","
  [1,]"
"1"," -0.0157343843"
"1"," -6.444766e-02"
"1","  1.574688e-02"
"1","  1.715838e-02"
"1"," -0.0333717182"
"1"," -2.426916e-02"
"1","
  [2,]"
"1","  0.0542528122"
"1","  2.012942e-02"
"1"," -8.890122e-02"
"1","  1.315233e-01"
"1"," -0.0407239537"
"1"," -3.427046e-02"
"1","
  [3,]"
"1"," -0.0375323986"
"1"," -9.191505e-03"
"1"," -3.555580e-02"
"1"," -7.427670e-02"
"1","  0.0134270819"
"1","  2.794338e-02"
"1","
"
"1","      "
"1","         [,49]"
"1","         [,50]"
"1","         [,51]"
"1","         [,52]"
"1","         [,53]"
"1","         [,54]"
"1","
  [1,]"
"1"," -4.957826e-02"
"1","  0.0073969730"
"1","  0.0774474137"
"1"," -0.0390987564"
"1","  0.0808848061"
"1","  0.0163440923"
"1","
  [2,]"
"1","  7.172282e-02"
"1","  0.0457236583"
"1"," -0.0070265142"
"1"," -0.0101346827"
"1","  0.0034668870"
"1","  0.0599718192"
"1","
  [3,]"
"1","  1.604896e-02"
"1","  0.0503094132"
"1"," -0.0167000440"
"1"," -0.0997381298"
"1","  0.0034350901"
"1"," -0.0157029543"
"1","
"
"1","      "
"1","         [,55]"
"1","         [,56]"
"1","         [,57]"
"1","         [,58]"
"1","         [,59]"
"1","         [,60]"
"1","
  [1,]"
"1"," -0.0559686698"
"1","  5.401610e-02"
"1"," -0.0506898159"
"1"," -1.035825e-01"
"1","  0.0387518694"
"1"," -0.0226012139"
"1","
  [2,]"
"1"," -0.0021936423"
"1"," -3.808207e-02"
"1"," -0.0714845602"
"1"," -2.413109e-02"
"1"," -0.1577623178"
"1","  0.0010358748"
"1","
  [3,]"
"1"," -0.0556421917"
"1"," -6.524589e-05"
"1","  0.0302775392"
"1","  2.012692e-02"
"1","  0.0653470285"
"1","  0.1088355659"
"1","
"
"1","      "
"1","         [,61]"
"1","         [,62]"
"1","         [,63]"
"1","         [,64]"
"1","         [,65]"
"1","         [,66]"
"1","
  [1,]"
"1"," -1.718393e-02"
"1","  0.1079401031"
"1"," -0.0292147311"
"1","  0.0253980847"
"1","  0.0306157128"
"1"," -8.059209e-02"
"1","
  [2,]"
"1"," -8.975210e-02"
"1","  0.0387324315"
"1"," -0.0117220953"
"1","  0.0434022955"
"1","  0.1037095399"
"1","  1.591235e-02"
"1","
  [3,]"
"1"," -5.909610e-02"
"1","  0.0544885913"
"1"," -0.0096519199"
"1","  0.0831533886"
"1"," -0.0196066682"
"1"," -6.141995e-02"
"1","
"
"1","      "
"1","         [,67]"
"1","         [,68]"
"1","         [,69]"
"1","         [,70]"
"1","         [,71]"
"1","         [,72]"
"1","
  [1,]"
"1","  0.0829200140"
"1"," -0.0206538304"
"1"," -0.0027492301"
"1","  0.0068706918"
"1","  0.0230568835"
"1","  6.675165e-03"
"1","
  [2,]"
"1"," -0.0541587951"
"1"," -0.0195098841"
"1"," -0.0236165577"
"1","  0.0044694661"
"1","  0.0264131164"
"1","  9.243759e-02"
"1","
  [3,]"
"1","  0.0184509127"
"1","  0.0806691552"
"1","  0.0720422253"
"1","  0.0230841790"
"1","  0.1138681869"
"1"," -8.865135e-02"
"1","
"
"1","      "
"1","         [,73]"
"1","         [,74]"
"1","         [,75]"
"1","         [,76]"
"1","         [,77]"
"1","         [,78]"
"1","
  [1,]"
"1"," -0.0440351170"
"1"," -0.0015276371"
"1","  1.997325e-02"
"1"," -0.0443254089"
"1"," -0.0043292541"
"1","  2.483761e-02"
"1","
  [2,]"
"1","  0.0193131304"
"1","  0.0118530635"
"1","  9.675242e-02"
"1","  0.0439860538"
"1"," -0.0134140597"
"1","  7.219449e-02"
"1","
  [3,]"
"1","  0.0264971554"
"1"," -0.1413792130"
"1"," -5.167003e-02"
"1","  0.0279693017"
"1"," -0.0575758596"
"1"," -8.152144e-03"
"1","
"
"1","      "
"1","         [,79]"
"1","         [,80]"
"1","         [,81]"
"1","         [,82]"
"1","         [,83]"
"1","         [,84]"
"1","
  [1,]"
"1","  0.1104410922"
"1","  0.0107602631"
"1","  4.455222e-02"
"1","  0.1386605610"
"1"," -0.1260251103"
"1"," -0.0203471377"
"1","
  [2,]"
"1"," -0.0546645869"
"1","  0.0102959490"
"1","  3.142064e-04"
"1","  0.0374888920"
"1"," -0.0199042305"
"1","  0.0240197375"
"1","
  [3,]"
"1","  0.0179884663"
"1"," -0.0457426015"
"1"," -3.248636e-02"
"1"," -0.0404240579"
"1","  0.0170087730"
"1"," -0.0752702156"
"1","
"
"1","      "
"1","         [,85]"
"1","         [,86]"
"1","         [,87]"
"1","         [,88]"
"1","         [,89]"
"1","         [,90]"
"1","
  [1,]"
"1"," -8.300683e-02"
"1"," -0.0458885187"
"1","  0.0327871792"
"1","  0.0608555918"
"1","  0.0096199658"
"1","  0.1124030422"
"1","
  [2,]"
"1","  1.684140e-02"
"1","  0.0723273972"
"1"," -0.0649966223"
"1"," -0.0823046470"
"1"," -0.0133467830"
"1","  0.0094856625"
"1","
  [3,]"
"1"," -4.727807e-02"
"1"," -0.0193765621"
"1","  0.0719699694"
"1"," -0.0091078755"
"1"," -0.0037966796"
"1"," -0.0496656574"
"1","
"
"1","      "
"1","         [,91]"
"1","         [,92]"
"1","         [,93]"
"1","         [,94]"
"1","         [,95]"
"1","        [,96]"
"1","
  [1,]"
"1","  1.262461e-02"
"1"," -3.568098e-02"
"1","  4.092715e-03"
"1"," -0.0571049184"
"1"," -0.0940885355"
"1"," -0.031006561"
"1","
  [2,]"
"1","  1.064204e-02"
"1"," -2.058754e-02"
"1"," -1.818998e-02"
"1","  0.0725033155"
"1","  0.0297717924"
"1","  0.034933962"
"1","
  [3,]"
"1"," -2.456347e-02"
"1"," -3.655113e-02"
"1"," -1.927241e-02"
"1","  0.1844444963"
"1","  0.1218894420"
"1","  0.132260059"
"1","
"
"1","      "
"1","         [,97]"
"1","         [,98]"
"1","         [,99]"
"1","        [,100]"
"1","        [,101]"
"1","        [,102]"
"1","
  [1,]"
"1","  4.597549e-02"
"1"," -7.996557e-02"
"1"," -0.0270231951"
"1","  0.0492602157"
"1","  0.000000e+00"
"1","  0.0000000000"
"1","
  [2,]"
"1","  6.291023e-02"
"1"," -9.995671e-03"
"1","  0.0912691698"
"1"," -0.0876937895"
"1"," -6.454797e-02"
"1","  0.1113490102"
"1","
  [3,]"
"1"," -8.940223e-02"
"1","  2.798182e-02"
"1"," -0.0113133240"
"1","  0.4500793434"
"1","  1.011306e-02"
"1","  0.1376745498"
"1","
"
"1","      "
"1","        [,103]"
"1","        [,104]"
"1","        [,105]"
"1","        [,106]"
"1","        [,107]"
"1","        [,108]"
"1","
  [1,]"
"1","  5.761389e-01"
"1","  0.0000000000"
"1","  0.0000000000"
"1","  0.000000e+00"
"1","  0.000000e+00"
"1","  0.0000000000"
"1","
  [2,]"
"1"," -1.363482e-01"
"1"," -0.0987217007"
"1","  0.0064262992"
"1","  3.342827e-02"
"1","  2.124107e-02"
"1","  0.0398919336"
"1","
  [3,]"
"1"," -6.291382e-02"
"1"," -0.1484064341"
"1","  0.0205971700"
"1"," -8.928912e-03"
"1","  5.001166e-04"
"1"," -0.0191431071"
"1","
"
"1","      "
"1","        [,109]"
"1","        [,110]"
"1","        [,111]"
"1","        [,112]"
"1","        [,113]"
"1","        [,114]"
"1","
  [1,]"
"1","  0.000000e+00"
"1","  0.000000e+00"
"1","  0.000000e+00"
"1","  0.000000e+00"
"1","  0.0000000000"
"1","  0.0000000000"
"1","
  [2,]"
"1"," -4.522839e-03"
"1","  5.478344e-03"
"1","  2.189841e-02"
"1","  2.154387e-02"
"1"," -0.0218076866"
"1"," -0.0076244314"
"1","
  [3,]"
"1","  4.774625e-05"
"1"," -2.842508e-02"
"1"," -1.524951e-02"
"1","  6.009360e-03"
"1","  0.0242651523"
"1"," -0.0078224915"
"1","
"
"1","      "
"1","        [,115]"
"1","        [,116]"
"1","        [,117]"
"1","        [,118]"
"1","        [,119]"
"1","        [,120]"
"1","
  [1,]"
"1","  0.0000000000"
"1","  0.000000e+00"
"1","  0.0000000000"
"1","  0.000000e+00"
"1","  0.0000000000"
"1","  0.000000e+00"
"1","
  [2,]"
"1"," -0.0477913991"
"1"," -3.896328e-02"
"1"," -0.0415274910"
"1","  6.354104e-03"
"1","  0.0029204412"
"1","  4.975151e-03"
"1","
  [3,]"
"1","  0.0025517316"
"1","  1.387113e-02"
"1","  0.0070712576"
"1"," -2.743324e-05"
"1","  0.0123028106"
"1","  2.993406e-02"
"1","
"
"1","      "
"1","        [,121]"
"1","        [,122]"
"1","        [,123]"
"1","        [,124]"
"1","        [,125]"
"1","        [,126]"
"1","
  [1,]"
"1","  0.0000000000"
"1","  0.0000000000"
"1","  0.000000e+00"
"1","  0.0000000000"
"1","  0.0000000000"
"1","  0.000000e+00"
"1","
  [2,]"
"1"," -0.0060033668"
"1","  0.0039871715"
"1"," -3.367196e-02"
"1","  0.0021584399"
"1","  0.0086248747"
"1","  3.592849e-03"
"1","
  [3,]"
"1"," -0.0057718331"
"1"," -0.0330904570"
"1"," -1.694323e-03"
"1","  0.0037422571"
"1","  0.0090255876"
"1","  5.617001e-03"
"1","
"
"1","      "
"1","       [,127]"
"1","        [,128]"
"1","        [,129]"
"1","        [,130]"
"1","        [,131]"
"1","        [,132]"
"1","
  [1,]"
"1","  0.000000000"
"1","  0.0000000000"
"1","  0.0000000000"
"1","  0.000000e+00"
"1","  0.0000000000"
"1","  0.0000000000"
"1","
  [2,]"
"1"," -0.009954621"
"1"," -0.0046880492"
"1"," -0.0058156081"
"1"," -1.694507e-03"
"1"," -0.0113121095"
"1","  0.0002042574"
"1","
  [3,]"
"1"," -0.004311440"
"1"," -0.0126828426"
"1"," -0.0118898621"
"1"," -7.739869e-03"
"1","  0.0141081556"
"1","  0.0001516546"
"1","
"
"1","      "
"1","        [,133]"
"1","        [,134]"
"1","        [,135]"
"1","        [,136]"
"1","        [,137]"
"1","        [,138]"
"1","
  [1,]"
"1","  0.0000000000"
"1","  0.0000000000"
"1","  0.0000000000"
"1","  0.0000000000"
"1","  0.0000000000"
"1","  0.0000000000"
"1","
  [2,]"
"1","  0.0026228555"
"1","  0.0022864405"
"1"," -0.0030837521"
"1"," -0.0036681869"
"1","  0.0264682214"
"1","  0.0032359179"
"1","
  [3,]"
"1","  0.0009752742"
"1","  0.0020363411"
"1","  0.0017106632"
"1","  0.0105655506"
"1"," -0.0001127289"
"1"," -0.0006665779"
"1","
"
"1","      "
"1","        [,139]"
"1","        [,140]"
"1","        [,141]"
"1","        [,142]"
"1","        [,143]"
"1","        [,144]"
"1","
  [1,]"
"1","  0.000000e+00"
"1","  0.0000000000"
"1","  0.0000000000"
"1","  0.000000e+00"
"1","  0.0000000000"
"1","  0.0000000000"
"1","
  [2,]"
"1"," -2.961255e-03"
"1"," -0.0002600875"
"1"," -0.0011147695"
"1"," -1.170364e-03"
"1"," -0.0020302368"
"1","  0.0027398779"
"1","
  [3,]"
"1"," -9.815596e-04"
"1","  0.0002527179"
"1","  0.0008473318"
"1","  5.969139e-04"
"1","  0.0018659375"
"1","  0.0002496977"
"1","
"
"1","      "
"1","        [,145]"
"1","        [,146]"
"1","        [,147]"
"1","        [,148]"
"1","        [,149]"
"1","        [,150]"
"1","
  [1,]"
"1","  0.000000e+00"
"1","  0.0000000000"
"1","  0.000000e+00"
"1","  0.0000000000"
"1","  0.0000000000"
"1","  0.000000e+00"
"1","
  [2,]"
"1"," -1.077832e-03"
"1","  0.0004289555"
"1","  1.279669e-03"
"1","  0.0026960364"
"1"," -0.0002135376"
"1","  3.202686e-05"
"1","
  [3,]"
"1"," -1.461996e-03"
"1"," -0.0011522072"
"1","  4.675997e-04"
"1"," -0.0007133037"
"1","  0.0008296352"
"1"," -4.067249e-03"
"1","
"
"1","      "
"1","        [,151]"
"1","        [,152]"
"1","        [,153]"
"1","        [,154]"
"1","        [,155]"
"1","        [,156]"
"1","
  [1,]"
"1","  0.0000000000"
"1","  0.0000000000"
"1","  0.0000000000"
"1","  0.000000e+00"
"1","  0.0000000000"
"1","  0.000000e+00"
"1","
  [2,]"
"1","  0.0018152383"
"1"," -0.0097205014"
"1"," -0.0010131796"
"1"," -7.568914e-04"
"1"," -0.0004414241"
"1","  1.457003e-03"
"1","
  [3,]"
"1"," -0.0034312511"
"1","  0.0106803107"
"1","  0.0008170894"
"1","  2.167046e-04"
"1"," -0.0008327196"
"1"," -7.104275e-04"
"1","
"
"1","      "
"1","        [,157]"
"1","        [,158]"
"1","        [,159]"
"1","        [,160]"
"1","        [,161]"
"1","        [,162]"
"1","
  [1,]"
"1","  0.0000000000"
"1","  0.000000e+00"
"1","  0.0000000000"
"1","  0.000000e+00"
"1","  0.000000e+00"
"1","  0.000000e+00"
"1","
  [2,]"
"1","  0.0089793993"
"1","  1.364459e-03"
"1"," -0.0007408463"
"1"," -2.860352e-03"
"1","  1.694991e-03"
"1","  2.268108e-04"
"1","
  [3,]"
"1","  0.0206240781"
"1"," -9.044544e-04"
"1"," -0.0026283964"
"1","  2.772769e-03"
"1"," -9.261446e-05"
"1","  9.266558e-05"
"1","
"
"1","      "
"1","        [,163]"
"1","        [,164]"
"1","        [,165]"
"1","        [,166]"
"1","        [,167]"
"1","        [,168]"
"1","
  [1,]"
"1","  0.0000000000"
"1","  0.0000000000"
"1","  0.000000e+00"
"1","  0.0000000000"
"1","  0.0000000000"
"1","  0.0000000000"
"1","
  [2,]"
"1","  0.0004147054"
"1"," -0.0014091278"
"1"," -1.428181e-04"
"1"," -0.0021443441"
"1","  0.0030127459"
"1"," -0.0002280050"
"1","
  [3,]"
"1"," -0.0007576401"
"1","  0.0028800137"
"1"," -6.582962e-04"
"1"," -0.0069930327"
"1"," -0.0014069853"
"1","  0.0003303327"
"1","
"
"1","      "
"1","        [,169]"
"1","        [,170]"
"1","        [,171]"
"1","        [,172]"
"1","        [,173]"
"1","        [,174]"
"1","
  [1,]"
"1","  0.0000000000"
"1","  0.0000000000"
"1","  0.000000e+00"
"1","  0.000000e+00"
"1","  0.0000000000"
"1","  0.0000000000"
"1","
  [2,]"
"1","  0.0003456165"
"1"," -0.0033769008"
"1"," -2.136501e-03"
"1","  8.795579e-04"
"1"," -0.0014320574"
"1","  0.0019367584"
"1","
  [3,]"
"1"," -0.0025087292"
"1"," -0.0000815509"
"1","  6.754776e-05"
"1"," -1.809728e-03"
"1"," -0.0048133505"
"1"," -0.0007808422"
"1","
"
"1","      "
"1","        [,175]"
"1","        [,176]"
"1","        [,177]"
"1","        [,178]"
"1","        [,179]"
"1","        [,180]"
"1","
  [1,]"
"1","  0.000000e+00"
"1","  0.000000e+00"
"1","  0.000000e+00"
"1","  0.0000000000"
"1","  0.0000000000"
"1","  0.0000000000"
"1","
  [2,]"
"1"," -1.900281e-03"
"1"," -8.803636e-06"
"1","  1.101733e-03"
"1","  0.0008296529"
"1"," -0.0008188772"
"1","  0.0008352491"
"1","
  [3,]"
"1"," -8.815071e-04"
"1","  7.454626e-04"
"1","  9.608519e-04"
"1"," -0.0002558605"
"1","  0.0022660016"
"1","  0.0003155372"
"1","
"
"1","      "
"1","        [,181]"
"1","        [,182]"
"1","        [,183]"
"1","        [,184]"
"1","        [,185]"
"1","        [,186]"
"1","
  [1,]"
"1","  0.000000e+00"
"1","  0.0000000000"
"1","  0.000000e+00"
"1","  0.000000e+00"
"1","  0.000000e+00"
"1","  0.000000e+00"
"1","
  [2,]"
"1"," -6.009409e-04"
"1","  0.0025991405"
"1","  2.908751e-03"
"1"," -1.910065e-03"
"1"," -2.329376e-03"
"1","  2.239165e-03"
"1","
  [3,]"
"1"," -2.040445e-03"
"1"," -0.0023247465"
"1"," -9.334082e-04"
"1"," -1.680221e-03"
"1","  9.290169e-04"
"1","  1.371895e-03"
"1","
"
"1","      "
"1","        [,187]"
"1","        [,188]"
"1","        [,189]"
"1","        [,190]"
"1","        [,191]"
"1","        [,192]"
"1","
  [1,]"
"1","  0.000000e+00"
"1","  0.0000000000"
"1","  0.000000e+00"
"1","  0.000000e+00"
"1","  0.0000000000"
"1","  0.000000e+00"
"1","
  [2,]"
"1"," -1.920714e-02"
"1","  0.0010161440"
"1","  5.888534e-05"
"1","  4.149340e-05"
"1","  0.0018335672"
"1","  8.124276e-04"
"1","
  [3,]"
"1","  2.827638e-03"
"1","  0.0017023141"
"1"," -3.877773e-04"
"1","  9.705234e-04"
"1","  0.0005714969"
"1","  1.304786e-03"
"1","
"
"1","      "
"1","        [,193]"
"1","        [,194]"
"1","        [,195]"
"1","        [,196]"
"1","        [,197]"
"1","        [,198]"
"1","
  [1,]"
"1","  0.0000000000"
"1","  0.000000e+00"
"1","  0.0000000000"
"1","  0.0000000000"
"1","  0.0000000000"
"1","  0.000000e+00"
"1","
  [2,]"
"1","  0.0018356776"
"1","  3.958271e-03"
"1","  0.0008287923"
"1"," -0.0006981328"
"1"," -0.0010451335"
"1","  2.300458e-03"
"1","
  [3,]"
"1","  0.0008701916"
"1"," -4.624683e-04"
"1"," -0.0031030281"
"1"," -0.0004307266"
"1","  0.0004245362"
"1"," -2.867145e-05"
"1","
"
"1","      "
"1","        [,199]"
"1","        [,200]"
"1","        [,201]"
"1","        [,202]"
"1","        [,203]"
"1","        [,204]"
"1","
  [1,]"
"1","  0.000000e+00"
"1","  0.0000000000"
"1","  0.000000e+00"
"1","  0.0000000000"
"1","  0.0000000000"
"1","  0.0000000000"
"1","
  [2,]"
"1","  2.001081e-03"
"1","  0.0014154468"
"1","  2.260771e-03"
"1","  0.0002660455"
"1"," -0.0006661280"
"1"," -0.0023839759"
"1","
  [3,]"
"1"," -1.109498e-03"
"1","  0.0006614311"
"1"," -8.787219e-04"
"1"," -0.0012723717"
"1","  0.0011706700"
"1"," -0.0018656562"
"1","
"
"1","      "
"1","        [,205]"
"1","        [,206]"
"1","        [,207]"
"1","        [,208]"
"1","        [,209]"
"1","        [,210]"
"1","
  [1,]"
"1","  0.0000000000"
"1","  0.0000000000"
"1","  0.0000000000"
"1","  0.000000e+00"
"1","  0.0000000000"
"1","  0.0000000000"
"1","
  [2,]"
"1"," -0.0006282006"
"1"," -0.0032579255"
"1"," -0.0013099652"
"1"," -1.412613e-03"
"1"," -0.0003311456"
"1"," -0.0001242263"
"1","
  [3,]"
"1","  0.0002567461"
"1","  0.0019081023"
"1"," -0.0004815587"
"1","  2.549826e-03"
"1","  0.0011699103"
"1","  0.0013921531"
"1","
"
"1","      "
"1","        [,211]"
"1","        [,212]"
"1","        [,213]"
"1","        [,214]"
"1","        [,215]"
"1","        [,216]"
"1","
  [1,]"
"1","  0.000000e+00"
"1","  0.0000000000"
"1","  0.000000e+00"
"1","  0.000000e+00"
"1","  0.000000e+00"
"1","  0.000000e+00"
"1","
  [2,]"
"1","  4.760261e-04"
"1"," -0.0023560334"
"1","  2.901335e-04"
"1","  1.707655e-03"
"1","  6.208393e-04"
"1"," -1.432117e-03"
"1","
  [3,]"
"1"," -1.633177e-03"
"1","  0.0012426055"
"1"," -1.264217e-03"
"1","  1.613165e-03"
"1"," -1.023038e-03"
"1"," -1.638986e-03"
"1","
"
"1","      "
"1","        [,217]"
"1","        [,218]"
"1","        [,219]"
"1","        [,220]"
"1","        [,221]"
"1","        [,222]"
"1","
  [1,]"
"1","  0.000000e+00"
"1","  0.000000e+00"
"1","  0.000000e+00"
"1","  0.000000e+00"
"1","  0.000000e+00"
"1","  0.0000000000"
"1","
  [2,]"
"1"," -8.822047e-04"
"1"," -4.621989e-04"
"1","  1.473557e-03"
"1"," -3.515388e-04"
"1"," -1.954685e-03"
"1"," -0.0015624960"
"1","
  [3,]"
"1"," -1.794226e-03"
"1"," -4.038533e-03"
"1"," -2.706601e-03"
"1"," -9.392560e-04"
"1"," -1.391771e-03"
"1"," -0.0006006179"
"1","
"
"1","      "
"1","        [,223]"
"1","        [,224]"
"1","        [,225]"
"1","        [,226]"
"1","        [,227]"
"1","        [,228]"
"1","
  [1,]"
"1","  0.0000000000"
"1","  0.000000e+00"
"1","  0.000000e+00"
"1","  0.0000000000"
"1","  0.0000000000"
"1","  0.000000e+00"
"1","
  [2,]"
"1","  0.0018316470"
"1"," -2.448464e-03"
"1"," -1.196161e-03"
"1"," -0.0003731429"
"1","  0.0006678382"
"1","  1.397062e-03"
"1","
  [3,]"
"1","  0.0018858079"
"1","  9.398291e-04"
"1","  2.269454e-04"
"1"," -0.0002128119"
"1"," -0.0001381847"
"1"," -2.722188e-03"
"1","
"
"1","      "
"1","        [,229]"
"1","        [,230]"
"1","        [,231]"
"1","        [,232]"
"1","        [,233]"
"1","        [,234]"
"1","
  [1,]"
"1","  0.000000e+00"
"1","  0.000000e+00"
"1","  0.0000000000"
"1","  0.0000000000"
"1","  0.000000e+00"
"1","  0.0000000000"
"1","
  [2,]"
"1"," -9.634342e-04"
"1"," -1.619365e-03"
"1"," -0.0023474020"
"1","  0.0008110093"
"1"," -2.320066e-04"
"1","  0.0065699611"
"1","
  [3,]"
"1","  2.667262e-04"
"1"," -1.702020e-03"
"1","  0.0031822651"
"1"," -0.0024729018"
"1"," -6.932080e-04"
"1"," -0.0067856651"
"1","
"
"1","      "
"1","        [,235]"
"1","        [,236]"
"1","        [,237]"
"1","        [,238]"
"1","        [,239]"
"1","        [,240]"
"1","
  [1,]"
"1","  0.000000e+00"
"1","  0.0000000000"
"1","  0.0000000000"
"1","  0.000000e+00"
"1","  0.0000000000"
"1","  0.0000000000"
"1","
  [2,]"
"1"," -1.252837e-03"
"1"," -0.0012916950"
"1"," -0.0005538925"
"1","  1.447089e-03"
"1"," -0.0018241629"
"1","  0.0033165225"
"1","
  [3,]"
"1","  1.992514e-03"
"1","  0.0018528714"
"1","  0.0023538557"
"1","  1.075140e-03"
"1","  0.0016659634"
"1"," -0.0028721657"
"1","
"
"1","      "
"1","        [,241]"
"1","        [,242]"
"1","        [,243]"
"1","        [,244]"
"1","        [,245]"
"1","        [,246]"
"1","
  [1,]"
"1","  0.0000000000"
"1","  0.0000000000"
"1","  0.0000000000"
"1","  0.000000e+00"
"1","  0.0000000000"
"1","  0.0000000000"
"1","
  [2,]"
"1","  0.0019187890"
"1"," -0.0013533643"
"1"," -0.0023793441"
"1"," -2.232423e-04"
"1","  0.0020043677"
"1"," -0.0006373661"
"1","
  [3,]"
"1"," -0.0036987812"
"1","  0.0027173731"
"1"," -0.0007267342"
"1"," -1.685074e-05"
"1"," -0.0007729482"
"1"," -0.0014938922"
"1","
"
"1","      "
"1","        [,247]"
"1","        [,248]"
"1","        [,249]"
"1","        [,250]"
"1","        [,251]"
"1","        [,252]"
"1","
  [1,]"
"1","  0.0000000000"
"1","  0.000000e+00"
"1","  0.0000000000"
"1","  0.0000000000"
"1","  0.0000000000"
"1","  0.000000e+00"
"1","
  [2,]"
"1"," -0.0009464528"
"1","  6.162042e-04"
"1"," -0.0003822741"
"1"," -0.0012622884"
"1"," -0.0025156734"
"1","  7.562160e-03"
"1","
  [3,]"
"1"," -0.0039659165"
"1","  1.646271e-03"
"1","  0.0001174795"
"1","  0.0026068489"
"1"," -0.0009953492"
"1"," -7.585691e-03"
"1","
"
"1","      "
"1","        [,253]"
"1","        [,254]"
"1","        [,255]"
"1","        [,256]"
"1","        [,257]"
"1","        [,258]"
"1","
  [1,]"
"1","  0.000000e+00"
"1","  0.000000e+00"
"1","  0.000000e+00"
"1","  0.0000000000"
"1","  0.0000000000"
"1","  0.0000000000"
"1","
  [2,]"
"1","  1.082127e-04"
"1"," -2.327127e-04"
"1","  8.117591e-05"
"1","  0.0007139270"
"1","  0.0010018389"
"1","  0.0011296925"
"1","
  [3,]"
"1","  3.864434e-03"
"1"," -1.736338e-03"
"1","  4.361891e-04"
"1"," -0.0017376482"
"1"," -0.0042502917"
"1"," -0.0016824457"
"1","
"
"1","      "
"1","        [,259]"
"1","        [,260]"
"1","        [,261]"
"1","        [,262]"
"1","        [,263]"
"1","        [,264]"
"1","
  [1,]"
"1","  0.000000e+00"
"1","  0.0000000000"
"1","  0.0000000000"
"1","  0.0000000000"
"1","  0.000000e+00"
"1","  0.0000000000"
"1","
  [2,]"
"1","  2.826821e-03"
"1"," -0.0004732794"
"1"," -0.0021605306"
"1"," -0.0036925447"
"1","  2.408701e-03"
"1"," -0.0031868242"
"1","
  [3,]"
"1","  2.894052e-03"
"1"," -0.0019745937"
"1","  0.0008414235"
"1","  0.0008664119"
"1","  4.076966e-04"
"1"," -0.0076124890"
"1","
"
"1","      "
"1","        [,265]"
"1","        [,266]"
"1","        [,267]"
"1","        [,268]"
"1","        [,269]"
"1","        [,270]"
"1","
  [1,]"
"1","  0.0000000000"
"1","  0.000000e+00"
"1","  0.000000e+00"
"1","  0.0000000000"
"1","  0.0000000000"
"1","  0.0000000000"
"1","
  [2,]"
"1"," -0.0007583869"
"1","  1.370193e-03"
"1","  1.060183e-03"
"1"," -0.0004741596"
"1","  0.0029251857"
"1","  0.0020520943"
"1","
  [3,]"
"1","  0.0021430510"
"1"," -3.422327e-04"
"1","  4.692232e-03"
"1","  0.0036635148"
"1","  0.0008481514"
"1"," -0.0007702778"
"1","
"
"1","      "
"1","        [,271]"
"1","        [,272]"
"1","        [,273]"
"1","        [,274]"
"1","        [,275]"
"1","        [,276]"
"1","
  [1,]"
"1","  0.0000000000"
"1","  0.000000e+00"
"1","  0.000000e+00"
"1","  0.0000000000"
"1","  0.0000000000"
"1","  0.0000000000"
"1","
  [2,]"
"1"," -0.0020020559"
"1","  3.609445e-03"
"1"," -1.862134e-02"
"1","  0.0102049120"
"1"," -0.0189414004"
"1","  0.0075122072"
"1","
  [3,]"
"1","  0.0015367433"
"1","  2.718911e-03"
"1","  1.685580e-02"
"1","  0.0092321603"
"1"," -0.0057523688"
"1"," -0.0132925299"
"1","
"
"1","      "
"1","        [,277]"
"1","        [,278]"
"1","        [,279]"
"1","        [,280]"
"1","        [,281]"
"1","        [,282]"
"1","
  [1,]"
"1","  0.000000e+00"
"1","  0.0000000000"
"1","  0.000000e+00"
"1","  0.0000000000"
"1","  0.0000000000"
"1","  0.0000000000"
"1","
  [2,]"
"1","  2.446343e-03"
"1","  0.0138915360"
"1"," -3.100843e-02"
"1","  0.0032111361"
"1","  0.0118489041"
"1"," -0.0030340377"
"1","
  [3,]"
"1"," -1.576107e-02"
"1"," -0.0067176809"
"1","  2.381794e-02"
"1"," -0.0007055668"
"1","  0.0112756718"
"1","  0.0120662722"
"1","
"
"1","      "
"1","        [,283]"
"1","        [,284]"
"1","        [,285]"
"1","        [,286]"
"1","        [,287]"
"1","        [,288]"
"1","
  [1,]"
"1","  0.0000000000"
"1","  0.000000e+00"
"1","  0.0000000000"
"1","  0.0000000000"
"1","  0.0000000000"
"1","  0.0000000000"
"1","
  [2,]"
"1"," -0.0299005084"
"1"," -8.415079e-03"
"1","  0.0125535650"
"1","  0.0052341029"
"1","  0.0073854305"
"1","  0.0033351018"
"1","
  [3,]"
"1"," -0.0051527766"
"1"," -6.334608e-03"
"1","  0.0121574938"
"1"," -0.0018717535"
"1"," -0.0102530525"
"1","  0.0091453330"
"1","
"
"1","      "
"1","        [,289]"
"1","        [,290]"
"1","        [,291]"
"1","        [,292]"
"1","        [,293]"
"1","        [,294]"
"1","
  [1,]"
"1","  0.000000e+00"
"1","  0.0000000000"
"1","  0.000000e+00"
"1","  0.0000000000"
"1","  0.0000000000"
"1","  0.000000e+00"
"1","
  [2,]"
"1"," -1.735960e-02"
"1","  0.0008353901"
"1","  2.430175e-02"
"1"," -0.0106161730"
"1"," -0.0615041933"
"1"," -7.279363e-04"
"1","
  [3,]"
"1","  3.914164e-03"
"1"," -0.0005682144"
"1","  1.171548e-03"
"1","  0.0224643876"
"1","  0.0437917737"
"1"," -1.391270e-02"
"1","
"
"1","      "
"1","        [,295]"
"1","        [,296]"
"1","        [,297]"
"1","        [,298]"
"1","        [,299]"
"1","        [,300]"
"1","
  [1,]"
"1","  0.0000000000"
"1","  0.000000e+00"
"1","  0.000000e+00"
"1","  5.707313e-01"
"1","  7.896145e-02"
"1"," -1.501023e-01"
"1","
  [2,]"
"1"," -0.0360973900"
"1"," -4.620307e-03"
"1","  3.882381e-02"
"1"," -2.752099e-03"
"1","  8.935764e-02"
"1"," -7.691003e-01"
"1","
  [3,]"
"1","  0.0282497343"
"1"," -6.153180e-04"
"1"," -5.323346e-02"
"1","  7.914275e-02"
"1"," -6.153978e-01"
"1"," -1.131247e-01"
"1","
"
"1"," [ reached getOption(""max.print"") -- omitted 297 rows ]
"
